apbusiness	bbcbusiness
apbusiness	business
apbusiness	businessinsider
apbusiness	bw
apbusiness	cnnbusiness
apbusiness	fastcompany
apbusiness	forbes
foxbusiness	apbusiness
apbusiness	foxbusiness
apbusiness	ft
apbusiness	ftfinancenews
apbusiness	harvardbiz
apbusiness	markets
apbusiness	marketwatch
nasdaq	apbusiness
apbusiness	nasdaq
nbcnewsbusiness	apbusiness
apbusiness	nbcnewsbusiness
apbusiness	reutersbiz
apbusiness	thestreet
apbusiness	usatodaymoney
apbusiness	wsj
apbusiness	wsjbusiness
apbusiness	wsjecon
bbcworldbiz	bbcbusiness
bbcbusiness	bbcworldbiz
business	bbcbusiness
bbcbusiness	business
businessdesk	bbcbusiness
bbcbusiness	bw
cnnbusiness	bbcbusiness
entrepreneur	bbcbusiness
ft	bbcbusiness
nasdaq	bbcbusiness
nbcnewsbusiness	bbcbusiness
bbcbusiness	reutersbiz
telebusiness	bbcbusiness
usatodaymoney	bbcbusiness
yahoofinanceuk	bbcbusiness
businessdesk	business
business	businessinsider
bw	business
business	bw
cnnbusiness	business
business	cnnbusiness
forbes	business
business	forbes
foxbusiness	business
business	foxbusiness
ft	business
business	ft
business	harvardbiz
markets	business
business	markets
business	marketwatch
nasdaq	business
nbcnewsbusiness	business
business	reutersbiz
reutersmoney	business
telebusiness	business
usatodaymoney	business
business	wsj
businessdesk	businessinsider
businessdesk	cnnbusiness
businessdesk	fastcompany
businessdesk	forbes
ft	businessdesk
businessdesk	ft
businessdesk	ftfinancenews
businessdesk	harvardbiz
irishtimesbiz	businessdesk
businessdesk	irishtimesbiz
businessdesk	marketwatch
nasdaq	businessdesk
businessdesk	nasdaq
businessdesk	nbcnewsbusiness
businessdesk	reutersbiz
telebusiness	businessdesk
businessdesk	telebusiness
businessdesk	usatodaymoney
businessdesk	wsj
businessdesk	wsjbusiness
businessdesk	wsjecon
bw	businessinsider
cnnbusiness	businessinsider
nasdaq	businessinsider
nbcnewsbusiness	businessinsider
telebusiness	businessinsider
usatodaymoney	businessinsider
fastcompany	bw
forbes	bw
ft	bw
bw	ft
markets	bw
bw	markets
nasdaq	bw
nbcnewsbusiness	bw
bw	reutersbiz
reutersmoney	bw
telebusiness	bw
thestreet	bw
usatodaymoney	bw
bw	wsj
fastcompany	cnnbusiness
cnnbusiness	fastcompany
ft	cnnbusiness
cnnbusiness	ftfinancenews
cnnbusiness	harvardbiz
nasdaq	cnnbusiness
cnnbusiness	nasdaq
nbcnewsbusiness	cnnbusiness
reutersmoney	cnnbusiness
telebusiness	cnnbusiness
usatodaymoney	cnnbusiness
cnnbusiness	usatodaymoney
cnnbusiness	wsj
foxbusiness	entrepreneur
entrepreneur	foxbusiness
entrepreneur	harvardbiz
nasdaq	entrepreneur
nbcnewsbusiness	entrepreneur
entrepreneur	nbcnewsbusiness
forbes	fastcompany
fastcompany	forbes
ft	fastcompany
fastcompany	ft
fastcompany	harvardbiz
irishtimesbiz	fastcompany
nasdaq	fastcompany
nbcnewsbusiness	fastcompany
usatodaymoney	fastcompany
foxbusiness	forbes
forbes	foxbusiness
ft	forbes
forbes	harvardbiz
nasdaq	forbes
forbes	nasdaq
nbcnewsbusiness	forbes
reutersmoney	forbes
telebusiness	forbes
thestreet	forbes
forbes	thestreet
usatodaymoney	forbes
forbes	wsj
foxbusiness	marketwatch
nasdaq	foxbusiness
foxbusiness	reutersbiz
telebusiness	foxbusiness
thestreet	foxbusiness
foxbusiness	thestreet
foxbusiness	wsj
foxbusiness	wsjecon
ftfinancenews	ft
ft	ftfinancenews
ft	harvardbiz
indobusiness	ft
irishtimesbiz	ft
ft	marketwatch
nasdaq	ft
ft	nasdaq
nbcnewsbusiness	ft
ft	nbcnewsbusiness
reutersbiz	ft
ft	reutersbiz
reutersmoney	ft
telebusiness	ft
usatodaymoney	ft
ft	usatodaymoney
ft	wsj
ft	wsjbusiness
ft	wsjecon
yahoofinanceuk	ft
nasdaq	ftfinancenews
telebusiness	ftfinancenews
usatodaymoney	ftfinancenews
yahoofinanceuk	ftfinancenews
irishtimesbiz	harvardbiz
nasdaq	harvardbiz
nbcnewsbusiness	harvardbiz
usatodaymoney	harvardbiz
wsjbusiness	harvardbiz
irishtimesbiz	indobusiness
nasdaq	markets
markets	telebusiness
nasdaq	marketwatch
nbcnewsbusiness	marketwatch
reutersmoney	marketwatch
telebusiness	marketwatch
usatodaymoney	marketwatch
wsj	marketwatch
marketwatch	wsj
nbcnewsbusiness	nasdaq
nasdaq	nbcnewsbusiness
nasdaq	reutersbiz
reutersmoney	nasdaq
thestreet	nasdaq
nasdaq	thestreet
usatodaymoney	nasdaq
nasdaq	usatodaymoney
nasdaq	wsj
nasdaq	wsjbusiness
nasdaq	wsjecon
nbcnewsbusiness	reutersbiz
nbcnewsbusiness	reutersmoney
telebusiness	nbcnewsbusiness
usatodaymoney	nbcnewsbusiness
nbcnewsbusiness	usatodaymoney
nbcnewsbusiness	wsj
nbcnewsbusiness	wsjbusiness
reutersmoney	reutersbiz
reutersbiz	reutersmoney
telebusiness	reutersbiz
thestreet	reutersbiz
usatodaymoney	reutersbiz
usatodaymoney	reutersmoney
reutersmoney	usatodaymoney
reutersmoney	wsj
reutersmoney	wsjecon
telebusiness	usatodaymoney
telebusiness	wsj
telebusiness	wsjbusiness
telebusiness	wsjecon
yahoofinanceuk	telebusiness
telebusiness	yahoofinanceuk
usatodaymoney	thestreet
thestreet	usatodaymoney
usatodaymoney	wsj
usatodaymoney	wsjbusiness
usatodaymoney	wsjecon
wsjbusiness	wsj
wsj	wsjbusiness
wsjecon	wsj
wsj	wsjecon
wsjecon	wsjbusiness
wsjbusiness	wsjecon
